Workbook

Sheet 报价范围
A1: 报价范围表
A3: 项目类型 | B3: 报价范围（元） | C3: 备注 | D3: 适用场景
A4: 小型项目 | B4: 5,000 - 20,000 | C4: 基础功能，1-2周交付 | D4: 简单网站、小程序
A5: 中型项目 | B5: 20,000 - 80,000 | C5: 标准功能，2-6周交付 | D5: 企业官网、管理系统
A6: 大型项目 | B6: 80,000 - 300,000 | C6: 复杂功能，1-3月交付 | D6: 电商平台、定制系统
A7: 企业级项目 | B7: 300,000+ | C7: 高度定制，3月+交付 | D7: 大型平台、集成系统

Sheet 报价明细
A1: 项目报价明细表
A2: 说明：蓝色字体为可编辑项，黑色为自动计算
A4: 序号 | B4: 项目名称 | C4: 项目类型 | D4: 工时投入 | G4: 硬件投入 | I4: 制造投入 | K4: 小计（元）
D5: 人工（人天） | E5: 单价（元/天） | F5: 金额（元） | G5: 设备名称 | H5: 金额（元） | I5: 材料/工艺 | J5: 金额（元）
A6: 1 | B6: 网站前端开发 | C6: 中型项目 | D6: 15 | E6: 800 | F6: =D6*E6 | G6: 云服务器 | H6: 3000 | I6: UI设计外包 | J6: 5000 | K6: =F6+H6+J6
A7: 2 | B7: 后端API开发 | C7: 中型项目 | D7: 20 | E7: 1000 | F7: =D7*E7 | G7: 数据库服务 | H7: 2000 | I7: 第三方接口 | J7: 3000 | K7: =F7+H7+J7
A8: 3 | B8: 系统测试部署 | C8: 小型项目 | D8: 5 | E8: 600 | F8: =D8*E8 | G8: 测试设备 | H8: 1000 | I8: 部署服务 | J8: 1500 | K8: =F8+H8+J8
B9: 合计 | D9: =SUM(D6:D8) | F9: =SUM(F6:F8) | H9: =SUM(H6:H8) | J9: =SUM(J6:J8) | K9: =SUM(K6:K8)

Sheet 报价汇总
A1: 项目报价汇总表
A2: 本表自动汇总明细表数据
A4: 费用类别 | B4: 金额（元） | C4: 占比 | D4: 备注
A5: 一、工时费用 | B5: ='报价明细'!F9 | C5: =B5/B8 | D5: 人工投入
A6: 二、硬件费用 | B6: ='报价明细'!H9 | C6: =B6/B8 | D6: 设备/服务采购
A7: 三、制造费用 | B7: ='报价明细'!J9 | C7: =B7/B8 | D7: 材料/外包服务
A8: 总计 | B8: ='报价明细'!K9 | C8: 100%
A10: 报价分析
A11: 项目数量 | B11: =COUNTA('报价明细'!B6:B20) | C11: 个
A12: 平均单项金额 | B12: =IF(B11>0,B8/B11,0) | C12: 元
A13: 最大单项 | B13: =MAX('报价明细'!K6:K20) | C13: 元
A14: 最小单项 | B14: =MIN('报价明细'!K6:K20) | C14: 元
